name,video,start,end,speaker,orth,translation
05May_2011_Thursday_tagesschau-30,05May_2011_Thursday_tagesschau-30/1/*.png,-1,-1,Signer08,WIND SCHWACH MAESSIG WEHEN,der wind weht meist schwach mitunter auch mal mäßig
10March_2011_Thursday_heute-49,10March_2011_Thursday_heute-49/1/*.png,-1,-1,Signer01,GUT ABEND LIEB ZUSCHAUER poss-EUCH,guten abend liebe zuschauer
10March_2011_Thursday_heute-60,10March_2011_Thursday_heute-60/1/*.png,-1,-1,Signer01,SCHOEN ABEND GUT poss-EUCH,ihnen einen schönen abend und machen sie es gut
14August_2009_Friday_tagesschau-66,14August_2009_Friday_tagesschau-66/1/*.png,-1,-1,Signer05,MAL NEBEL,hier und da bilden sich einzelne nebelfelder
14August_2009_Friday_tagesschau-69,14August_2009_Friday_tagesschau-69/1/*.png,-1,-1,Signer05,SONST REGION SONNE,sonst scheint verbreitet die sonne
26January_2010_Tuesday_heute-90,26January_2010_Tuesday_heute-90/1/*.png,-1,-1,Signer03,LIEB ZUSCHAUER BEGRUESSEN GUT ABEND,liebe zuschauer guten abend
08May_2010_Saturday_tagesschau-180,08May_2010_Saturday_tagesschau-180/1/*.png,-1,-1,Signer08,ORT NEBEL,örtlich bildet sich nebel
24November_2011_Thursday_heute-217,24November_2011_Thursday_heute-217/1/*.png,-1,-1,Signer05,ABEND LIEB ZUSCHAUER poss-EUCH,guten abend liebe zuschauer
24November_2011_Thursday_heute-228,24November_2011_Thursday_heute-228/1/*.png,-1,-1,Signer05,SCHOEN ABEND poss-EUCH MACHEN GUT poss-EUCH,ihnen einen schönen abend und machen sie es gut
12July_2010_Monday_heute-243,12July_2010_Monday_heute-243/1/*.png,-1,-1,Signer01,GUT ABEND LIEB ZUSCHAUER BEGRUESSEN,guten abend liebe zuschauer
12July_2010_Monday_heute-259,12July_2010_Monday_heute-259/1/*.png,-1,-1,Signer01,SCHOEN ABEND MACHEN GUT MITTEILEN,ihnen noch einen schönen abend und machen sie es gut
22November_2010_Monday_heute-275,22November_2010_Monday_heute-275/1/*.png,-1,-1,Signer01,LIEB ZUSCHAUER poss-EUCH GUT ABEND,liebe zuschauer guten abend
22November_2010_Monday_heute-286,22November_2010_Monday_heute-286/1/*.png,-1,-1,Signer01,SCHOEN ABEND MACHEN GUT TSCHUESS,jetzt wünsche ich ihnen noch einen schönen abend
12May_2010_Wednesday_tagesschau-320,12May_2010_Wednesday_tagesschau-320/1/*.png,-1,-1,Signer01,WIND WEHEN SCHWACH MAESSIG WEHEN,der wind weht morgen schwach bis mäßig und kommt aus nord bis nordwest
28October_2010_Thursday_heute-325,28October_2010_Thursday_heute-325/1/*.png,-1,-1,Signer01,ABEND poss-EUCH,guten abend liebe zuschauer
28October_2010_Thursday_heute-339,28October_2010_Thursday_heute-339/1/*.png,-1,-1,Signer01,SCHOEN ABEND GUT poss-EUCH,ihnen einen schönen abend und machen sie es gut
17February_2011_Thursday_heute-382,17February_2011_Thursday_heute-382/1/*.png,-1,-1,Signer07,LIEB ZUSCHAUER GUT ABEND,liebe zuschauer guten abend
17February_2011_Thursday_heute-394,17February_2011_Thursday_heute-394/1/*.png,-1,-1,Signer07,SCHOEN ABEND NOCH poss-EUCH,und jetzt wünsche ich ihnen noch einen schönen abend
01October_2009_Thursday_tagesschau-415,01October_2009_Thursday_tagesschau-415/1/*.png,-1,-1,Signer03,WIND SCHWACH MAESSIG KOMMEN,der wind weht schwach bis mäßig im nordosten in böen auch starker wind aus west bis nordwest
01October_2012_Monday_heute-436,01October_2012_Monday_heute-436/1/*.png,-1,-1,Signer04,LIEB ZUSCHAUER GUT ABEND,liebe zuschauer guten abend
07February_2010_Sunday_tagesschau-497,07February_2010_Sunday_tagesschau-497/1/*.png,-1,-1,Signer04,WIND WEHEN,der wind weht schwach bis mäßig aus ost bis nordost
20November_2011_Sunday_tagesschau-543,20November_2011_Sunday_tagesschau-543/1/*.png,-1,-1,Signer04,WIND SCHWACH BERG MAESSIG,der wind weht morgen nur schwach im bergland auch mal mäßig
03February_2011_Thursday_heute-600,03February_2011_Thursday_heute-600/1/*.png,-1,-1,Signer08,GUT ABEND LIEB ZUSCHAUER,guten abend liebe zuschauer
03February_2011_Thursday_heute-619,03February_2011_Thursday_heute-619/1/*.png,-1,-1,Signer08,SCHOEN ABEND MACHEN GUT poss-EUCH,ihnen einen schönen abend und machen sie es gut
18October_2010_Monday_heute-620,18October_2010_Monday_heute-620/1/*.png,-1,-1,Signer04,LIEB ZUSCHAUER ABEND,liebe zuschauer guten abend
14December_2010_Tuesday_heute-643,14December_2010_Tuesday_heute-643/1/*.png,-1,-1,Signer05,LIEB ZUSCHAUER poss-EUCH GUT ABEND,liebe zuschauer guten abend
09November_2010_Tuesday_tagesschau-749,09November_2010_Tuesday_tagesschau-749/1/*.png,-1,-1,Signer01,WIND SCHWACH MAESSIG,der wind weht schwach gelegentlich auch mäßig
29May_2011_Sunday_tagesschau-761,29May_2011_Sunday_tagesschau-761/1/*.png,-1,-1,Signer01,BISSCHEN NEBEL,hier und da bildet sich nebel
20January_2010_Wednesday_heute-797,20January_2010_Wednesday_heute-797/1/*.png,-1,-1,Signer01,GUT ABEND LIEB ZUSCHAUER BEGRUESSEN,guten abend liebe zuschauer
20January_2010_Wednesday_heute-816,20January_2010_Wednesday_heute-816/1/*.png,-1,-1,Signer01,SCHOEN ABEND MACHEN GUT WUENSCHEN,ihnen noch einen schönen abend und machen sie es gut
03February_2011_Thursday_tagesschau-929,03February_2011_Thursday_tagesschau-929/1/*.png,-1,-1,Signer08,REGEN KOENNEN,dort bringen die tiefs auch zum teil länger andauernden regen
03February_2011_Thursday_tagesschau-940,03February_2011_Thursday_tagesschau-940/1/*.png,-1,-1,Signer08,IN-KOMMEND MEHR MILD,es wird noch milder
01June_2011_Wednesday_heute-944,01June_2011_Wednesday_heute-944/1/*.png,-1,-1,Signer01,LIEB ZUSCHAUER GUT ABEND,liebe zuschauer guten abend
01June_2011_Wednesday_heute-955,01June_2011_Wednesday_heute-955/1/*.png,-1,-1,Signer01,SCHOEN ABEND TSCHUESS,ich wünsche ihnen noch einen schönen abend
04April_2011_Monday_heute-956,04April_2011_Monday_heute-956/1/*.png,-1,-1,Signer01,GUT ABEND LIEB ZUSCHAUER poss-EUCH,guten abend liebe zuschauer
04April_2011_Monday_heute-972,04April_2011_Monday_heute-972/1/*.png,-1,-1,Signer01,SCHOEN ABEND TSCHUESS,ihnen einen schönen abend und machen sie es gut
19August_2010_Thursday_tagesschau-997,19August_2010_Thursday_tagesschau-997/1/*.png,-1,-1,Signer03,SUED MEHR SONNE,richtung südosten ist es noch sonnig
27April_2010_Tuesday_heute-1025,27April_2010_Tuesday_heute-1025/1/*.png,-1,-1,Signer01,ABEND LIEB ZUSCHAUER BEGRUESSEN,guten abend liebe zuschauer
27April_2010_Tuesday_heute-1041,27April_2010_Tuesday_heute-1041/1/*.png,-1,-1,Signer01,SCHOEN ABEND TSCHUESS,ihnen einen schönen abend und machen sie es gut
06May_2010_Thursday_heute-1042,06May_2010_Thursday_heute-1042/1/*.png,-1,-1,Signer04,ABEND LIEB ZUSCHAUER,liebe zuschauer
06May_2010_Thursday_heute-1056,06May_2010_Thursday_heute-1056/1/*.png,-1,-1,Signer04,WUENSCHEN SCHOEN ABEND GUT,ich wünsche ihnen einen schönen abend und machen sie es gut
05October_2011_Wednesday_heute-1082,05October_2011_Wednesday_heute-1082/1/*.png,-1,-1,Signer01,SCHOEN ABEND TSCHUESS,ihnen noch einen schönen abend
06September_2010_Monday_tagesschau-1152,06September_2010_Monday_tagesschau-1152/1/*.png,-1,-1,Signer04,NORD WIND,an der see weiterhin windig
05October_2010_Tuesday_heute-1208,05October_2010_Tuesday_heute-1208/1/*.png,-1,-1,Signer01,ABEND LIEB ZUSCHAUER poss-EUCH,guten abend liebe zuschauer
05October_2010_Tuesday_heute-1223,05October_2010_Tuesday_heute-1223/1/*.png,-1,-1,Signer01,SCHOEN ABEND MACHEN GUT poss-EUCH,ihnen einen schönen abend und machen sie es gut
27May_2010_Thursday_heute-1224,27May_2010_Thursday_heute-1224/1/*.png,-1,-1,Signer05,LIEB ZUSCHAUER BEGRUESSEN GUT ABEND,liebe zuschauer guten abend
12July_2011_Tuesday_heute-1272,12July_2011_Tuesday_heute-1272/1/*.png,-1,-1,Signer01,LIEB ZUSCHAUER poss-EUCH GUT ABEND,liebe zuschauer guten abend
02October_2010_Saturday_tagesschau-1313,02October_2010_Saturday_tagesschau-1313/1/*.png,-1,-1,Signer04,ABER BLEIBEN TROCKEN,dabei bleibt es trocken
18April_2011_Monday_tagesschau-1319,18April_2011_Monday_tagesschau-1319/1/*.png,-1,-1,Signer01,WIND WEHEN,der wind kommt aus südost er weht schwach richtung nordosten mitunter auch mäßig
22August_2010_Sunday_tagesschau-1349,22August_2010_Sunday_tagesschau-1349/1/*.png,-1,-1,Signer05,SONST REGION FREUNDLICH,sonst ist es zum teil freundlich
10January_2011_Monday_heute-1365,10January_2011_Monday_heute-1365/1/*.png,-1,-1,Signer01,GUT-ABEND LIEB ZUSCHAUER poss-EUCH,guten abend liebe zuschauer
10January_2011_Monday_heute-1377,10January_2011_Monday_heute-1377/1/*.png,-1,-1,Signer01,SCHOEN ABEND MACHEN GUT poss-EUCH,ich wünsche noch einen schönen abend und machen sie es gut
23December_2010_Thursday_tagesschau-1434,23December_2010_Thursday_tagesschau-1434/1/*.png,-1,-1,Signer07,VORSICHT GLATT,vorsicht wegen glätte
10August_2010_Tuesday_heute-1441,10August_2010_Tuesday_heute-1441/1/*.png,-1,-1,Signer05,ABEND LIEB ZUSCHAUER BEGRUESSEN,guten abend liebe zuschauer
10August_2010_Tuesday_heute-1459,10August_2010_Tuesday_heute-1459/1/*.png,-1,-1,Signer05,SCHOEN ABEND MACHEN GUT WUENSCHEN,ich wünsche ihnen einen schönen abend und machen sie es gut
25January_2010_Monday_heute-1460,25January_2010_Monday_heute-1460/1/*.png,-1,-1,Signer03,GUT ABEND BEGRUESSEN,liebe zuschauer guten abend
25January_2010_Monday_heute-1474,25January_2010_Monday_heute-1474/1/*.png,-1,-1,Signer03,SCHOEN ABEND WUENSCHEN,ich wünsche ihnen einen schönen abend
17February_2010_Wednesday_heute-1475,17February_2010_Wednesday_heute-1475/1/*.png,-1,-1,Signer01,ABEND LIEB ZUSCHAUER,guten abend liebe zuschauer
08February_2010_Monday_heute-1510,08February_2010_Monday_heute-1510/1/*.png,-1,-1,Signer04,WUENSCHEN SCHOEN ABEND GUT,ich wünsche ihnen noch einen schönen abend und machen sie es gut
06December_2011_Tuesday_heute-1537,06December_2011_Tuesday_heute-1537/1/*.png,-1,-1,Signer07,GUT ABEND LIEB ZUSCHAUER,guten abend liebe zuschauer
28November_2011_Monday_heute-1579,28November_2011_Monday_heute-1579/1/*.png,-1,-1,Signer07,GUT ABEND LIEB ZUSCHAUER,guten abend liebe zuschauer
28November_2011_Monday_heute-1593,28November_2011_Monday_heute-1593/1/*.png,-1,-1,Signer07,SCHOEN ABEND poss-EUCH MACHEN GUT,ihnen einen schönen abend und machen sie es gut
14June_2010_Monday_heute-1594,14June_2010_Monday_heute-1594/1/*.png,-1,-1,Signer03,GUT ABEND BEGRUESSEN,liebe zuschauer guten abend
14June_2010_Monday_heute-1607,14June_2010_Monday_heute-1607/1/*.png,-1,-1,Signer03,SCHOEN ABEND WUENSCHEN,und jetzt wünsche ich ihnen noch einen spannenden abend
03July_2011_Sunday_tagesschau-1669,03July_2011_Sunday_tagesschau-1669/1/*.png,-1,-1,Signer04,WIND SCHWACH WEHEN,der wind weht schwach bis mäßig und kommt aus nord bis nordwest
01November_2010_Monday_heute-1704,01November_2010_Monday_heute-1704/1/*.png,-1,-1,Signer05,GUT ABEND LIEB DU ZUSCHAUER,guten abend liebe zuschauer
01November_2010_Monday_heute-1723,01November_2010_Monday_heute-1723/1/*.png,-1,-1,Signer05,SCHOEN ABEND poss-EUCH MACHEN GUT poss-EUCH,ihnen einen schönen abend und machen sie es gut
21October_2010_Thursday_tagesschau-1820,21October_2010_Thursday_tagesschau-1820/1/*.png,-1,-1,Signer05,MONTAG WECHSELHAFT MEHR KUEHL,die neue woche beginnt wechselhaft und wieder kühler
03July_2009_Friday_tagesschau-2012,03July_2009_Friday_tagesschau-2012/1/*.png,-1,-1,Signer04,SCHWACH WEHEN,sonst schwacher bis mäßiger wind aus west bis nordwest
25October_2010_Monday_heute-2040,25October_2010_Monday_heute-2040/1/*.png,-1,-1,Signer01,ABEND LIEB ZUSCHAUER poss-EUCH,guten abend liebe zuschauer
25October_2010_Monday_heute-2052,25October_2010_Monday_heute-2052/1/*.png,-1,-1,Signer01,SCHOEN ABEND MACHEN GUT poss-EUCH,ich wünsche ihnen einen schönen abend und machen sie es gut
18November_2011_Friday_tagesschau-2145,18November_2011_Friday_tagesschau-2145/1/*.png,-1,-1,Signer04,IX KLAR,vor allem richtung süden und westen ist es auch klar
14October_2010_Thursday_heute-2185,14October_2010_Thursday_heute-2185/1/*.png,-1,-1,Signer07,LIEB ZUSCHAUER GUT ABEND,liebe zuschauer guten abend
07June_2010_Monday_heute-2319,07June_2010_Monday_heute-2319/1/*.png,-1,-1,Signer04,GUT ABEND LIEB ZUSCHAUER,guten abend liebe zuschauer
23November_2011_Wednesday_heute-2392,23November_2011_Wednesday_heute-2392/1/*.png,-1,-1,Signer05,ABEND LIEB ZUSCHAUER poss-EUCH,guten abend liebe zuschauer
23November_2011_Wednesday_heute-2406,23November_2011_Wednesday_heute-2406/1/*.png,-1,-1,Signer05,SCHOEN ABEND poss-EUCH MACHEN GUT poss-EUCH,ihnen einen schönen abend und machen sie es gut
27June_2011_Monday_heute-2460,27June_2011_Monday_heute-2460/1/*.png,-1,-1,Signer01,ABEND LIEB ZUSCHAUER poss-EUCH,guten abend liebe zuschauer
27June_2011_Monday_heute-2471,27June_2011_Monday_heute-2471/1/*.png,-1,-1,Signer01,SCHOEN ABEND TSCHUESS,ihnen noch einen schönen abend und machen sie es gut
15September_2010_Wednesday_heute-2472,15September_2010_Wednesday_heute-2472/1/*.png,-1,-1,Signer05,GUT ABEND LIEB ZUSCHAUER poss-EUCH,guten abend liebe zuschauer
15September_2010_Wednesday_heute-2486,15September_2010_Wednesday_heute-2486/1/*.png,-1,-1,Signer05,SCHOEN ABEND MACHEN GUT poss-EUCH,ihnen einen schönen abend und machen sie es gut
12January_2010_Tuesday_heute-2539,12January_2010_Tuesday_heute-2539/1/*.png,-1,-1,Signer03,LIEB ZUSCHAUER GUT ABEND,liebe zuschauer guten abend
03June_2010_Thursday_tagesschau-2634,03June_2010_Thursday_tagesschau-2634/1/*.png,-1,-1,Signer05,WIND SCHWACH MAESSIG WEHEN,der wind weht meist schwach gelegentlich auch mal mäßig
09August_2011_Tuesday_heute-2640,09August_2011_Tuesday_heute-2640/1/*.png,-1,-1,Signer05,LIEB ZUSCHAUER GUT ABEND,liebe zuschauer guten abend
09August_2011_Tuesday_heute-2649,09August_2011_Tuesday_heute-2649/1/*.png,-1,-1,Signer05,SCHOEN ABEND poss-EUCH,soviel zum wetter ihnen noch einen schönen abend
19January_2011_Wednesday_heute-2677,19January_2011_Wednesday_heute-2677/1/*.png,-1,-1,Signer07,GUT ABEND LIEB ZUSCHAUER,guten abend liebe zuschauer
02November_2010_Tuesday_heute-2756,02November_2010_Tuesday_heute-2756/1/*.png,-1,-1,Signer05,SCHOEN ABEND MACHEN GUT poss-EUCH,ihnen einen schönen abend und machen sie es gut
22July_2009_Wednesday_tagesschau-2881,22July_2009_Wednesday_tagesschau-2881/1/*.png,-1,-1,Signer04,SONNTAG VIEL SONNE,am sonntag dann viel sonnenschein
28January_2010_Thursday_heute-2898,28January_2010_Thursday_heute-2898/1/*.png,-1,-1,Signer05,SCHOEN ABEND WUENSCHEN MACHEN GUT,ihnen einen schönen abend und machen sie es gut
20September_2010_Monday_heute-2925,20September_2010_Monday_heute-2925/1/*.png,-1,-1,Signer01,GUT ABEND LIEB ZUSCHAUER poss-EUCH,guten abend liebe zuschauer
20September_2010_Monday_heute-2943,20September_2010_Monday_heute-2943/1/*.png,-1,-1,Signer01,SCHOEN ABEND MACHEN GUT TSCHUESS,ich wünsche noch einen schönen abend und machen sie es gut
01December_2011_Thursday_heute-3054,01December_2011_Thursday_heute-3054/1/*.png,-1,-1,Signer05,ABEND LIEB ZUSCHAUER poss-EUCH,guten abend liebe zuschauer
01December_2011_Thursday_heute-3067,01December_2011_Thursday_heute-3067/1/*.png,-1,-1,Signer05,SCHOEN ABEND poss-EUCH MACHEN GUT poss-EUCH,ihnen einen schönen abend und machen sie es gut
05September_2010_Sunday_tagesschau-3137,05September_2010_Sunday_tagesschau-3137/1/*.png,-1,-1,Signer04,NORD WIND,im norden ist es windig
20February_2011_Sunday_tagesschau-3168,20February_2011_Sunday_tagesschau-3168/1/*.png,-1,-1,Signer04,WIND SCHWACH WEHEN,es weht ein schwacher bis mäßiger wind aus östlichen richtungen
31August_2010_Tuesday_heute-3171,31August_2010_Tuesday_heute-3171/1/*.png,-1,-1,Signer01,LIEB ZUSCHAUER BEGRUESSEN GUT ABEND,liebe zuschauer guten abend
31August_2010_Tuesday_heute-3182,31August_2010_Tuesday_heute-3182/1/*.png,-1,-1,Signer01,SCHOEN ABEND TSCHUESS,und jetzt wünsche ich ihnen noch einen schönen abend
11August_2011_Thursday_heute-3183,11August_2011_Thursday_heute-3183/1/*.png,-1,-1,Signer08,GUT ABEND LIEB ZUSCHAUER,guten abend liebe zuschauer
26August_2009_Wednesday_tagesschau-3220,26August_2009_Wednesday_tagesschau-3220/1/*.png,-1,-1,Signer01,SONST REGION SONNE,sonst überwiegend freundlich
25August_2009_Tuesday_heute-3300,25August_2009_Tuesday_heute-3300/1/*.png,-1,-1,Signer01,LIEB ZUSCHAUER GUT ABEND,liebe zuschauer guten abend
18May_2010_Tuesday_heute-3361,18May_2010_Tuesday_heute-3361/1/*.png,-1,-1,Signer08,LIEB ZUSCHAUER GUT ABEND,liebe zuschauer guten abend
26April_2010_Monday_heute-3389,26April_2010_Monday_heute-3389/1/*.png,-1,-1,Signer01,ABEND LIEB ZUSCHAUER BEGRUESSEN,guten abend liebe zuschauer
26April_2010_Monday_heute-3410,26April_2010_Monday_heute-3410/1/*.png,-1,-1,Signer01,SCHOEN ABEND MACHEN GUT WUENSCHEN,ich wünsche ihnen einen schönen abend und machen sie es gut
17September_2010_Friday_tagesschau-3417,17September_2010_Friday_tagesschau-3417/1/*.png,-1,-1,Signer07,SUED MEHR SONNE,in der südhälfte scheint teilweise für längere zeit die sonne
02September_2010_Thursday_heute-3450,02September_2010_Thursday_heute-3450/1/*.png,-1,-1,Signer05,GUT ABEND LIEB ZUSCHAUER BEGRUESSEN,guten abend liebe zuschauer
02October_2012_Tuesday_heute-3491,02October_2012_Tuesday_heute-3491/1/*.png,-1,-1,Signer05,LIEB ZUSCHAUER GUT ABEND,liebe zuschauer guten abend
02October_2012_Tuesday_heute-3503,02October_2012_Tuesday_heute-3503/1/*.png,-1,-1,Signer05,SCHOEN ABEND poss-EUCH,schönen abend noch für sie
11November_2010_Thursday_tagesschau-3563,11November_2010_Thursday_tagesschau-3563/1/*.png,-1,-1,Signer01,SCHON WARNUNG DEUTSCH WETTER DIENST,es gelten entsprechende unwetterwarnungen des deutschen wetterdienstes
20October_2009_Tuesday_tagesschau-3591,20October_2009_Tuesday_tagesschau-3591/1/*.png,-1,-1,Signer09,MAL NEBEL,hier und da bildet sich nebel
23April_2010_Friday_tagesschau-3666,23April_2010_Friday_tagesschau-3666/1/*.png,-1,-1,Signer04,SCHWACH WEHEN,schwacher bis mäßiger wind aus nördlichen bis östlichen richtungen
30May_2011_Monday_heute-3672,30May_2011_Monday_heute-3672/1/*.png,-1,-1,Signer01,LIEB ZUSCHAUER poss-EUCH GUT ABEND,liebe zuschauer guten abend
30May_2011_Monday_heute-3683,30May_2011_Monday_heute-3683/1/*.png,-1,-1,Signer01,SCHOEN ABEND TSCHUESS,einen schönen abend wünsche ich ihnen noch
19November_2011_Saturday_tagesschau-3691,19November_2011_Saturday_tagesschau-3691/1/*.png,-1,-1,Signer04,WIND SCHWACH BERG MAESSIG,der wind weht morgen nur schwach im bergland auch mal mäßig
14June_2010_Monday_tagesschau-3702,14June_2010_Monday_tagesschau-3702/1/*.png,-1,-1,Signer03,WIND SCHWACH MAESSIG,der wind weht schwach bis mäßig
24January_2011_Monday_tagesschau-3717,24January_2011_Monday_tagesschau-3717/1/*.png,-1,-1,Signer01,VORSICHT GLATT,vorsicht glätte
05May_2011_Thursday_heute-3739,05May_2011_Thursday_heute-3739/1/*.png,-1,-1,Signer08,GUT ABEND LIEB ZUSCHAUER,guten abend liebe zuschauer
23February_2011_Wednesday_heute-3765,23February_2011_Wednesday_heute-3765/1/*.png,-1,-1,Signer05,GUT ABEND LIEB ZUSCHAUER,guten abend liebe zuschauer
13January_2010_Wednesday_tagesschau-3825,13January_2010_Wednesday_tagesschau-3825/1/*.png,-1,-1,Signer04,VORSICHT GLATT,vorsicht wegen glätte
14February_2010_Sunday_tagesschau-3841,14February_2010_Sunday_tagesschau-3841/1/*.png,-1,-1,Signer09,VORSICHT GLATT,vorsicht wegen glätte
12September_2010_Sunday_tagesschau-3916,12September_2010_Sunday_tagesschau-3916/1/*.png,-1,-1,Signer01,WIND WEHEN,morgen weht ein schwacher bis mäßiger wind aus westlichen richtungen
12September_2010_Sunday_tagesschau-3921,12September_2010_Sunday_tagesschau-3921/1/*.png,-1,-1,Signer01,ABER BLEIBEN TROCKEN,dabei bleibt es recht mild
04May_2011_Wednesday_heute-3987,04May_2011_Wednesday_heute-3987/1/*.png,-1,-1,Signer01,LIEB ZUSCHAUER poss-EUCH GUT ABEND,liebe zuschauer guten abend
08April_2010_Thursday_heute-4013,08April_2010_Thursday_heute-4013/1/*.png,-1,-1,Signer05,SCHOEN ABEND TSCHUESS,jetzt wünsche ich ihnen noch einen schönen abend
07October_2010_Thursday_tagesschau-4124,07October_2010_Thursday_tagesschau-4124/1/*.png,-1,-1,Signer05,SONST REGION FREUNDLICH,ansonsten erwartet uns ein recht freundlicher herbsttag
08December_2009_Tuesday_heute-4222,08December_2009_Tuesday_heute-4222/1/*.png,-1,-1,Signer02,SCHOEN ABEND TSCHUESS,ich wünsche ihnen einen schönen abend und machen sie es gut
29September_2011_Thursday_heute-4223,29September_2011_Thursday_heute-4223/1/*.png,-1,-1,Signer05,GUT ABEND LIEB ZUSCHAUER poss-EUCH,guten abend liebe zuschauer
13July_2010_Tuesday_tagesschau-4312,13July_2010_Tuesday_tagesschau-4312/1/*.png,-1,-1,Signer01,WIND SCHWACH MAESSIG KOMMEN,schwacher bis mäßiger an der see auch frischer wind aus süd bis südost
01April_2010_Thursday_tagesschau-4327,01April_2010_Thursday_tagesschau-4327/1/*.png,-1,-1,Signer04,VORSICHT GLATT,vorsicht wegen glätte
01July_2009_Wednesday_tagesschau-4558,01July_2009_Wednesday_tagesschau-4558/1/*.png,-1,-1,Signer09,SCHWACH WEHEN,sonst meist schwacher wind aus nord bis nordost
01February_2011_Tuesday_heute-4629,01February_2011_Tuesday_heute-4629/1/*.png,-1,-1,Signer08,LIEB ZUSCHAUER GUT ABEND,liebe zuschauer guten abend
22November_2011_Tuesday_heute-4644,22November_2011_Tuesday_heute-4644/1/*.png,-1,-1,Signer07,LIEB ZUSCHAUER GUT ABEND,liebe zuschauer guten abend
07February_2011_Monday_heute-4670,07February_2011_Monday_heute-4670/1/*.png,-1,-1,Signer07,SCHOEN ABEND poss-EUCH MACHEN GUT poss-EUCH,ihnen einen schönen abend und machen sie es gut
12December_2009_Saturday_tagesschau-4731,12December_2009_Saturday_tagesschau-4731/1/*.png,-1,-1,Signer04,WIND SCHWACH MAESSIG WEHEN,der wind weht schwach bis mäßig aus nordost
09December_2009_Wednesday_heute-4738,09December_2009_Wednesday_heute-4738/1/*.png,-1,-1,Signer02,GUT ABEND LIEB ZUSCHAUER,guten abend liebe zuschauer
09December_2009_Wednesday_heute-4757,09December_2009_Wednesday_heute-4757/1/*.png,-1,-1,Signer02,SCHOEN ABEND TSCHUESS,ihnen noch einen schönen abend und machen sie es gut
13July_2010_Tuesday_heute-4821,13July_2010_Tuesday_heute-4821/1/*.png,-1,-1,Signer01,SCHOEN ABEND MACHEN GUT MITTEILEN,ihnen einen schönen abend und machen sie es gut
01August_2011_Monday_heute-4848,01August_2011_Monday_heute-4848/1/*.png,-1,-1,Signer07,GUT ABEND LIEB ZUSCHAUER,guten abend liebe zuschauer
01August_2011_Monday_heute-4857,01August_2011_Monday_heute-4857/1/*.png,-1,-1,Signer07,BISSCHEN NEBEL,wir haben ein paar nebelfelder
05April_2011_Tuesday_heute-5117,05April_2011_Tuesday_heute-5117/1/*.png,-1,-1,Signer01,LIEB ZUSCHAUER poss-EUCH GUT ABEND,liebe zuschauer guten abend
28April_2010_Wednesday_heute-5181,28April_2010_Wednesday_heute-5181/1/*.png,-1,-1,Signer03,GUT ABEND BEGRUESSEN,guten abend liebe zuschauer
28April_2010_Wednesday_heute-5198,28April_2010_Wednesday_heute-5198/1/*.png,-1,-1,Signer03,SCHOEN ABEND WUENSCHEN,ihnen noch einen schönen abend und machen sie es gut
23August_2010_Monday_heute-5315,23August_2010_Monday_heute-5315/1/*.png,-1,-1,Signer08,ABEND LIEB ZUSCHAUER,guten abend liebe zuschauer
19April_2011_Tuesday_heute-5332,19April_2011_Tuesday_heute-5332/1/*.png,-1,-1,Signer01,LIEB ZUSCHAUER GUT ABEND,liebe zuschauer guten abend
19April_2011_Tuesday_heute-5344,19April_2011_Tuesday_heute-5344/1/*.png,-1,-1,Signer01,SCHOEN ABEND TSCHUESS,ich wünsche noch einen schönen abend
18January_2011_Tuesday_heute-5463,18January_2011_Tuesday_heute-5463/1/*.png,-1,-1,Signer07,GUT ABEND LIEB ZUSCHAUER,guten abend liebe zuschauer
18January_2011_Tuesday_heute-5478,18January_2011_Tuesday_heute-5478/1/*.png,-1,-1,Signer07,SCHOEN ABEND poss-EUCH MACHEN GUT,ihnen schönen abend und machen sie es gut
06October_2011_Thursday_heute-5548,06October_2011_Thursday_heute-5548/1/*.png,-1,-1,Signer01,SCHOEN ABEND TSCHUESS,ihnen noch einen schönen abend
17May_2010_Monday_heute-5562,17May_2010_Monday_heute-5562/1/*.png,-1,-1,Signer08,LIEB ZUSCHAUER GUT ABEND,liebe zuschauer guten abend
26October_2010_Tuesday_tagesschau-5795,26October_2010_Tuesday_tagesschau-5795/1/*.png,-1,-1,Signer01,REGEN KOENNEN,dort regnet oder schauert es hier und da
12December_2011_Monday_heute-5799,12December_2011_Monday_heute-5799/1/*.png,-1,-1,Signer08,GUT ABEND LIEB ZUSCHAUER,guten abend liebe zuschauer
14July_2011_Thursday_heute-5868,14July_2011_Thursday_heute-5868/1/*.png,-1,-1,Signer08,SCHOEN ABEND TSCHUESS,schönen abend noch für sie und tschüss
11May_2010_Tuesday_heute-5985,11May_2010_Tuesday_heute-5985/1/*.png,-1,-1,Signer01,GUT ABEND LIEB ZUSCHAUER BEGRUESSEN,guten abend liebe zuschauer
11May_2010_Tuesday_heute-5996,11May_2010_Tuesday_heute-5996/1/*.png,-1,-1,Signer01,SCHOEN ABEND MACHEN GUT MITTEILEN,ihnen einen schönen abend und machen sie es gut
25August_2010_Wednesday_heute-5997,25August_2010_Wednesday_heute-5997/1/*.png,-1,-1,Signer03,GUT ABEND BEGRUESSEN,liebe zuschauer guten abend
24May_2011_Tuesday_heute-6073,24May_2011_Tuesday_heute-6073/1/*.png,-1,-1,Signer05,SCHOEN ABEND poss-EUCH,das war es für heute schönen abend noch
24September_2009_Thursday_heute-6075,24September_2009_Thursday_heute-6075/1/*.png,-1,-1,Signer05,GUT ABEND BEGRUESSEN,und damit schönen guten abend
14July_2010_Wednesday_heute-6179,14July_2010_Wednesday_heute-6179/1/*.png,-1,-1,Signer01,ABEND LIEB ZUSCHAUER BEGRUESSEN,guten abend liebe zuschauer
06December_2010_Monday_heute-6213,06December_2010_Monday_heute-6213/1/*.png,-1,-1,Signer07,SCHOEN ABEND WUENSCHEN,schönen abend noch
21April_2010_Wednesday_tagesschau-6233,21April_2010_Wednesday_tagesschau-6233/1/*.png,-1,-1,Signer08,WIND WEHEN SCHWACH MAESSIG WEHEN,schwacher bis mäßiger wind der im südwesten aus nordost im nordosten aus west kommt
23February_2010_Tuesday_heute-6239,23February_2010_Tuesday_heute-6239/1/*.png,-1,-1,Signer01,GUT ABEND LIEB ZUSCHAUER BEGRUESSEN,guten abend liebe zuschauer
23February_2010_Tuesday_heute-6255,23February_2010_Tuesday_heute-6255/1/*.png,-1,-1,Signer01,SCHOEN ABEND MACHEN GUT WUENSCHEN,ich wünsche ihnen noch einen schönen abend und machen sie es gut
24July_2010_Saturday_tagesschau-6337,24July_2010_Saturday_tagesschau-6337/1/*.png,-1,-1,Signer04,IX KLAR,sonst klart es mancherorts auf
24March_2011_Thursday_heute-6372,24March_2011_Thursday_heute-6372/1/*.png,-1,-1,Signer05,GUT ABEND LIEB ZUSCHAUER,guten abend liebe zuschauer
12January_2011_Wednesday_heute-6383,12January_2011_Wednesday_heute-6383/1/*.png,-1,-1,Signer05,GUT-ABEND LIEB ZUSCHAUER poss-EUCH,guten abend liebe zuschauer
12January_2011_Wednesday_heute-6399,12January_2011_Wednesday_heute-6399/1/*.png,-1,-1,Signer05,SCHOEN ABEND poss-EUCH MACHEN GUT poss-EUCH,ich wünsche ihnen noch einen schönen abend und machen sie es gut
04July_2011_Monday_heute-6453,04July_2011_Monday_heute-6453/1/*.png,-1,-1,Signer07,SCHOEN ABEND NOCH poss-EUCH,schönen abend noch
23September_2010_Thursday_heute-6468,23September_2010_Thursday_heute-6468/1/*.png,-1,-1,Signer01,ABEND LIEB ZUSCHAUER poss-EUCH,guten abend liebe zuschauer
23September_2010_Thursday_heute-6485,23September_2010_Thursday_heute-6485/1/*.png,-1,-1,Signer01,SCHOEN ABEND MACHEN GUT poss-EUCH,ich wünsche ihnen einen schönen abend und machen sie es gut
20June_2011_Monday_heute-6524,20June_2011_Monday_heute-6524/1/*.png,-1,-1,Signer07,SCHOEN ABEND NOCH poss-EUCH,schönen abend noch
26August_2009_Wednesday_heute-6539,26August_2009_Wednesday_heute-6539/1/*.png,-1,-1,Signer01,GUT ABEND LIEB ZUSCHAUER BEGRUESSEN,guten abend liebe zuschauer
12September_2009_Saturday_tagesschau-6599,12September_2009_Saturday_tagesschau-6599/1/*.png,-1,-1,Signer04,NORD WIND,im norden ist es windig
01June_2010_Tuesday_heute-6618,01June_2010_Tuesday_heute-6618/1/*.png,-1,-1,Signer01,SCHOEN ABEND TSCHUESS,ich wünsche ihnen noch einen schönen abend
24February_2011_Thursday_heute-6664,24February_2011_Thursday_heute-6664/1/*.png,-1,-1,Signer01,ABEND LIEB ZUSCHAUER poss-EUCH,guten abend liebe zuschauer
24February_2011_Thursday_heute-6679,24February_2011_Thursday_heute-6679/1/*.png,-1,-1,Signer01,SCHOEN ABEND MACHEN GUT poss-EUCH,ihnen noch einen schönen abend und machen sie es gut
01April_2010_Thursday_heute-6694,01April_2010_Thursday_heute-6694/1/*.png,-1,-1,Signer04,LIEB ZUSCHAUER ABEND,liebe zuschauer guten abend
23July_2009_Thursday_tagesschau-6764,23July_2009_Thursday_tagesschau-6764/1/*.png,-1,-1,Signer01,SONNTAG VIEL SONNE,am sonntag viel sonne
02June_2010_Wednesday_heute-6781,02June_2010_Wednesday_heute-6781/1/*.png,-1,-1,Signer01,ABEND LIEB ZUSCHAUER,guten abend liebe zuschauer
02June_2010_Wednesday_heute-6797,02June_2010_Wednesday_heute-6797/1/*.png,-1,-1,Signer01,SCHOEN ABEND MACHEN GUT MITTEILEN,ihnen einen schönen abend und machen sie es gut
08November_2010_Monday_heute-6887,08November_2010_Monday_heute-6887/1/*.png,-1,-1,Signer01,SCHOEN ABEND MACHEN GUT poss-EUCH,ihnen einen schönen abend und machen sie es gut
10August_2009_Monday_heute-6888,10August_2009_Monday_heute-6888/1/*.png,-1,-1,Signer01,LIEB ZUSCHAUER GUT ABEND,liebe zuschauer guten abend
10August_2009_Monday_heute-6907,10August_2009_Monday_heute-6907/1/*.png,-1,-1,Signer01,SCHOEN ABEND TSCHUESS,damit wünsche ich ihnen jetzt noch einen schönen abend
24January_2011_Monday_heute-6972,24January_2011_Monday_heute-6972/1/*.png,-1,-1,Signer01,ABEND LIEB ZUSCHAUER poss-EUCH,guten abend liebe zuschauer
24January_2011_Monday_heute-6986,24January_2011_Monday_heute-6986/1/*.png,-1,-1,Signer01,SCHOEN ABEND TSCHUESS,ich wünsche ihnen noch einen schönen abend und machen sie es gut
11May_2011_Wednesday_tagesschau-7016,11May_2011_Wednesday_tagesschau-7016/1/*.png,-1,-1,Signer05,ORT NEBEL,stellenweise bildet sich nebel
29November_2009_Sunday_tagesschau-7046,29November_2009_Sunday_tagesschau-7046/1/*.png,-1,-1,Signer03,WIND SCHWACH MAESSIG KOMMEN,der wind weht meist nur schwach bis mäßig
02June_2010_Wednesday_tagesschau-7157,02June_2010_Wednesday_tagesschau-7157/1/*.png,-1,-1,Signer01,SCHON WARNUNG DEUTSCH WETTER DIENST,es gelten entsprechende warnungen des deutschen wetterdienstes
13September_2010_Monday_heute-7183,13September_2010_Monday_heute-7183/1/*.png,-1,-1,Signer01,SCHOEN ABEND TSCHUESS,und das war es für heute schönen abend noch
24January_2013_Thursday_heute-7253,24January_2013_Thursday_heute-7253/1/*.png,-1,-1,Signer07,GUT ABEND LIEB ZUSCHAUER,guten abend liebe zuschauer
29July_2010_Thursday_tagesschau-7424,29July_2010_Thursday_tagesschau-7424/1/*.png,-1,-1,Signer05,MONTAG WECHSELHAFT MEHR KUEHL,am montag wieder wechselhaft und kühler
05December_2011_Monday_heute-7440,05December_2011_Monday_heute-7440/1/*.png,-1,-1,Signer01,SCHOEN ABEND TSCHUESS,schönen abend noch
02February_2011_Wednesday_tagesschau-7452,02February_2011_Wednesday_tagesschau-7452/1/*.png,-1,-1,Signer08,IN-KOMMEND MEHR MILD,in den nächsten tagen wird es noch milder
09February_2011_Wednesday_heute-7533,09February_2011_Wednesday_heute-7533/1/*.png,-1,-1,Signer07,GUT ABEND LIEB ZUSCHAUER,guten abend liebe zuschauer
09February_2011_Wednesday_heute-7546,09February_2011_Wednesday_heute-7546/1/*.png,-1,-1,Signer07,SCHOEN ABEND poss-EUCH MACHEN GUT,ihnen einen schönen abend und machen sie es gut
09December_2010_Thursday_heute-7547,09December_2010_Thursday_heute-7547/1/*.png,-1,-1,Signer07,GUT ABEND LIEB ZUSCHAUER BEGRUESSEN,guten abend liebe zuschauer
09December_2010_Thursday_heute-7563,09December_2010_Thursday_heute-7563/1/*.png,-1,-1,Signer07,SCHOEN ABEND WUENSCHEN MACHEN GUT,ihnen einen schönen abend und machen sie es gut
30March_2010_Tuesday_heute-7564,30March_2010_Tuesday_heute-7564/1/*.png,-1,-1,Signer01,LIEB ZUSCHAUER BEGRUESSEN GUT ABEND,liebe zuschauer guten abend
30March_2010_Tuesday_heute-7578,30March_2010_Tuesday_heute-7578/1/*.png,-1,-1,Signer01,SCHOEN ABEND TSCHUESS,und jetzt wünsche ich ihnen noch einen schönen abend
03August_2010_Tuesday_heute-7608,03August_2010_Tuesday_heute-7608/1/*.png,-1,-1,Signer01,LIEB ZUSCHAUER BEGRUESSEN GUT ABEND,liebe zuschauer guten abend
03August_2010_Tuesday_heute-7622,03August_2010_Tuesday_heute-7622/1/*.png,-1,-1,Signer01,SCHOEN ABEND MACHEN GUT MITTEILEN,damit wünsche ich ihnen jetzt einen schönen abend
12April_2010_Monday_heute-7682,12April_2010_Monday_heute-7682/1/*.png,-1,-1,Signer01,LIEB ZUSCHAUER GUT ABEND,liebe zuschauer guten abend
12April_2010_Monday_heute-7697,12April_2010_Monday_heute-7697/1/*.png,-1,-1,Signer01,SCHOEN ABEND TSCHUESS,jetzt wünsche ich ihnen noch einen schönen abend
07December_2011_Wednesday_heute-7795,07December_2011_Wednesday_heute-7795/1/*.png,-1,-1,Signer08,GUT ABEND LIEB ZUSCHAUER,guten abend liebe zuschauer
20July_2010_Tuesday_tagesschau-7882,20July_2010_Tuesday_tagesschau-7882/1/*.png,-1,-1,Signer03,WIND SCHWACH MAESSIG WEHEN,der wind weht schwach bis mäßig an der nordsee auch frisch
15February_2011_Tuesday_heute-7915,15February_2011_Tuesday_heute-7915/1/*.png,-1,-1,Signer08,SCHOEN ABEND TSCHUESS,damit wünsche ich ihnen jetzt noch einen schönen abend
10December_2009_Thursday_heute-7929,10December_2009_Thursday_heute-7929/1/*.png,-1,-1,Signer02,ABEND LIEB ZUSCHAUER,guten abend liebe zuschauer
10December_2009_Thursday_heute-7948,10December_2009_Thursday_heute-7948/1/*.png,-1,-1,Signer02,SCHOEN ABEND TSCHUESS,ihnen noch einen schönen abend und machen sie es gut
28January_2013_Monday_heute-7992,28January_2013_Monday_heute-7992/1/*.png,-1,-1,Signer01,ABEND poss-EUCH,guten abend liebe zuschauer
11January_2011_Tuesday_tagesschau-8025,11January_2011_Tuesday_tagesschau-8025/1/*.png,-1,-1,Signer05,WIND SCHWACH MAESSIG WEHEN,der wind weht meist mäßig im norden frisch
29November_2011_Tuesday_heute-8084,29November_2011_Tuesday_heute-8084/1/*.png,-1,-1,Signer07,LIEB ZUSCHAUER GUT ABEND,liebe zuschauer guten abend
07April_2011_Thursday_tagesschau-8106,07April_2011_Thursday_tagesschau-8106/1/*.png,-1,-1,Signer01,SONNTAG VIEL SONNE,am sonntag viel sonnenschein
11January_2011_Tuesday_heute-8181,11January_2011_Tuesday_heute-8181/1/*.png,-1,-1,Signer05,SCHOEN ABEND poss-EUCH MACHEN GUT poss-EUCH,ihnen einen schönen abend und machen sie es gut
25July_2011_Monday_heute-8221,25July_2011_Monday_heute-8221/1/*.png,-1,-1,Signer08,GUT ABEND LIEB ZUSCHAUER,guten abend liebe zuschauer
14September_2010_Tuesday_heute-8235,14September_2010_Tuesday_heute-8235/1/*.png,-1,-1,Signer05,ABEND LIEB ZUSCHAUER poss-EUCH,guten abend liebe zuschauer
09June_2010_Wednesday_heute-8253,09June_2010_Wednesday_heute-8253/1/*.png,-1,-1,Signer08,LIEB ZUSCHAUER GUT ABEND,liebe zuschauer guten abend
16June_2010_Wednesday_heute-8311,16June_2010_Wednesday_heute-8311/1/*.png,-1,-1,Signer01,ABEND LIEB ZUSCHAUER BEGRUESSEN,guten abend liebe zuschauer
16June_2010_Wednesday_heute-8328,16June_2010_Wednesday_heute-8328/1/*.png,-1,-1,Signer01,SCHOEN ABEND MACHEN GUT WUENSCHEN,ihnen einen schönen abend und machen sie es gut
02December_2010_Thursday_heute-8452,02December_2010_Thursday_heute-8452/1/*.png,-1,-1,Signer07,SCHOEN ABEND WUENSCHEN MACHEN GUT,ihnen einen schönen abend und machen sie es gut
13August_2009_Thursday_tagesschau-8484,13August_2009_Thursday_tagesschau-8484/1/*.png,-1,-1,Signer05,ORT NEBEL,örtlich bildet sich nebel
07October_2010_Thursday_heute-8558,07October_2010_Thursday_heute-8558/1/*.png,-1,-1,Signer05,GUT ABEND LIEB DU ZUSCHAUER,guten abend liebe zuschauer
07October_2010_Thursday_heute-8573,07October_2010_Thursday_heute-8573/1/*.png,-1,-1,Signer05,SCHOEN ABEND MACHEN GUT poss-EUCH,ihnen einen schönen abend und machen sie es gut
30July_2011_Saturday_tagesschau-8590,30July_2011_Saturday_tagesschau-8590/1/*.png,-1,-1,Signer01,SCHON WARNUNG DEUTSCH WETTER DIENST,es bestehen entsprechende unwetterwarnungen des deutschen wetterdienstes
29April_2010_Thursday_heute-8615,29April_2010_Thursday_heute-8615/1/*.png,-1,-1,Signer03,GUT ABEND BEGRUESSEN,guten abend liebe zuschauer
05July_2010_Monday_heute-8686,05July_2010_Monday_heute-8686/1/*.png,-1,-1,Signer01,ABEND LIEB ZUSCHAUER BEGRUESSEN,guten abend liebe zuschauer
05July_2010_Monday_heute-8699,05July_2010_Monday_heute-8699/1/*.png,-1,-1,Signer01,WIND WEHEN,und es weht ein frischer kräftiger nordwestwind dazu
05July_2010_Monday_heute-8702,05July_2010_Monday_heute-8702/1/*.png,-1,-1,Signer01,SCHOEN ABEND MACHEN GUT TSCHUESS,ich wünsche noch einen schönen abend und machen sie es gut
24January_2010_Sunday_tagesschau-8707,24January_2010_Sunday_tagesschau-8707/1/*.png,-1,-1,Signer04,VORSICHT GLATT,vorsicht glätte
23March_2011_Wednesday_tagesschau-8749,23March_2011_Wednesday_tagesschau-8749/1/*.png,-1,-1,Signer05,ORT NEBEL,örtlich bildet sich nebel
